{
  ".last_synced_manifest.json": 1746401809.3611283,
  "blacklist.txt": 1745955383.7099893,
  "metadata.json": 1746398200.2369149,
  "processed\\faces\\01HDCVE68WMY094CSQ6Q7F80NT-low-res-branded.png": 1746398259.529552,
  "processed\\faces\\01HGEDWSV1Q3M9A2KQ7391PC5J-low-res-branded.png": 1746398259.6565483,
  "processed\\faces\\68745309918__E5BA6014-0DE2-418E-AAB1-F19FE0220755.png": 1746398259.7901182,
  "processed\\faces\\anger.png": 1746398259.9252129,
  "processed\\faces\\annoyed.png": 1746398260.0609086,
  "processed\\faces\\annoyed2.png": 1746398260.1913013,
  "processed\\faces\\anxious.png": 1746398260.319365,
  "processed\\faces\\childanger2.png": 1746398260.4514203,
  "processed\\faces\\confident.png": 1746398260.5742478,
  "processed\\faces\\crying.png": 1746398260.708181,
  "processed\\faces\\crying2.png": 1746398260.8414855,
  "processed\\faces\\depressed.png": 1746398260.9771771,
  "processed\\faces\\FullSizeRender.png": 1746398261.1052985,
  "processed\\faces\\IMG_0048.png": 1746398261.2211478,
  "processed\\faces\\IMG_0279.png": 1746398261.3382475,
  "processed\\faces\\IMG_3575.png": 1746398261.4668062,
  "processed\\faces\\IMG_3688.png": 1746398261.58543,
  "processed\\faces\\IMG_3704.png": 1746398261.702871,
  "processed\\faces\\IMG_3705.png": 1746398261.9068847,
  "processed\\faces\\IMG_3792.png": 1746398262.0214756,
  "processed\\faces\\IMG_3793.png": 1746398262.1533005,
  "processed\\faces\\IMG_6883.png": 1746398262.2702844,
  "processed\\faces\\IMG_7413.png": 1746398262.401659,
  "processed\\faces\\IMG_7913.png": 1746398262.517727,
  "processed\\faces\\injured.png": 1746398262.6527226,
  "processed\\faces\\nervous.png": 1746398262.784169,
  "processed\\faces\\sad.png": 1746398262.9124846,
  "processed\\faces\\sympathetic.png": 1746398263.0512464,
  "processed\\faces\\tearsofjoy2.png": 1746398193.4714873,
  "processed\\faces\\tearsofjoy3.png": 1746398193.5915215,
  "processed\\faces\\worried.png": 1746398193.737841,
  "processed\\meshes\\01HDCVE68WMY094CSQ6Q7F80NT-low-res-branded.obj": 1746398259.6305666,
  "processed\\meshes\\01HGEDWSV1Q3M9A2KQ7391PC5J-low-res-branded.obj": 1746398259.7539616,
  "processed\\meshes\\68745309918__E5BA6014-0DE2-418E-AAB1-F19FE0220755.obj": 1746398259.8880286,
  "processed\\meshes\\anger.obj": 1746398260.0251245,
  "processed\\meshes\\annoyed.obj": 1746398260.156394,
  "processed\\meshes\\annoyed2.obj": 1746398260.2855127,
  "processed\\meshes\\anxious.obj": 1746398260.4154968,
  "processed\\meshes\\childanger2.obj": 1746398260.5478768,
  "processed\\meshes\\confident.obj": 1746398260.68052,
  "processed\\meshes\\crying.obj": 1746398260.8103986,
  "processed\\meshes\\crying2.obj": 1746398260.944801,
  "processed\\meshes\\depressed.obj": 1746398261.0798357,
  "processed\\meshes\\FullSizeRender.obj": 1746398261.2080028,
  "processed\\meshes\\IMG_0048.obj": 1746398261.3232212,
  "processed\\meshes\\IMG_0279.obj": 1746398261.4485686,
  "processed\\meshes\\IMG_3575.obj": 1746398261.5536883,
  "processed\\meshes\\IMG_3688.obj": 1746398261.668007,
  "processed\\meshes\\IMG_3704.obj": 1746398261.8846433,
  "processed\\meshes\\IMG_3705.obj": 1746398262.005664,
  "processed\\meshes\\IMG_3792.obj": 1746398262.1202345,
  "processed\\meshes\\IMG_3793.obj": 1746398262.247499,
  "processed\\meshes\\IMG_6883.obj": 1746398262.3682148,
  "processed\\meshes\\IMG_7413.obj": 1746398262.496586,
  "processed\\meshes\\IMG_7913.obj": 1746398262.6183107,
  "processed\\meshes\\injured.obj": 1746398262.7447166,
  "processed\\meshes\\nervous.obj": 1746398262.8777878,
  "processed\\meshes\\sad.obj": 1746398263.015113,
  "processed\\meshes\\sympathetic.obj": 1746398193.4391859,
  "processed\\meshes\\tearsofjoy2.obj": 1746398193.5686347,
  "processed\\meshes\\tearsofjoy3.obj": 1746398193.7054052,
  "processed\\meshes\\worried.obj": 1746398193.8405054,
  "processed\\renders\\01HDCVE68WMY094CSQ6Q7F80NT-low-res-branded.png": 1746206278.7721436,
  "processed\\renders\\01HGEDWSV1Q3M9A2KQ7391PC5J-low-res-branded.png": 1746206279.9597633,
  "processed\\renders\\68745309918__E5BA6014-0DE2-418E-AAB1-F19FE0220755.png": 1746206281.0795975,
  "processed\\renders\\anger.png": 1746206282.1690285,
  "processed\\renders\\annoyed.png": 1746206283.2348614,
  "processed\\renders\\annoyed2.png": 1746206284.5332992,
  "processed\\renders\\anxious.png": 1746206285.8978755,
  "processed\\renders\\childanger2.png": 1746206287.2168033,
  "processed\\renders\\confident.png": 1746206288.6031868,
  "processed\\renders\\crying.png": 1746206289.9138768,
  "processed\\renders\\crying2.png": 1746206291.2557669,
  "processed\\renders\\depressed.png": 1746206292.5495276,
  "processed\\renders\\FullSizeRender.png": 1746206294.2593277,
  "processed\\renders\\IMG_0048.png": 1746206296.1109061,
  "processed\\renders\\IMG_0279.png": 1746206297.686483,
  "processed\\renders\\IMG_3575.png": 1746206299.2248015,
  "processed\\renders\\IMG_3688.png": 1746206300.7994244,
  "processed\\renders\\IMG_3704.png": 1746206302.255104,
  "processed\\renders\\IMG_3705.png": 1746206303.659445,
  "processed\\renders\\IMG_3792.png": 1746206305.0881906,
  "processed\\renders\\IMG_3793.png": 1746206306.4282603,
  "processed\\renders\\IMG_6883.png": 1746206307.709869,
  "processed\\renders\\IMG_7413.png": 1746206309.02413,
  "processed\\renders\\IMG_7913.png": 1746206310.3137486,
  "processed\\renders\\injured.png": 1746206311.5657153,
  "processed\\renders\\nervous.png": 1746206312.8690865,
  "processed\\renders\\sad.png": 1746206314.1496835,
  "processed\\renders\\sympathetic.png": 1746206315.46681,
  "processed\\renders\\tearsofjoy2.png": 1746206316.7593331,
  "processed\\renders\\tearsofjoy3.png": 1746206318.114629,
  "processed\\renders\\worried.png": 1746206319.5113034,
  "processed\\maps\\albedos\\01HDCVE68WMY094CSQ6Q7F80NT-low-res-branded.png": 1746398196.0579505,
  "processed\\maps\\albedos\\01HGEDWSV1Q3M9A2KQ7391PC5J-low-res-branded.png": 1746398199.174673,
  "processed\\maps\\albedos\\68745309918__E5BA6014-0DE2-418E-AAB1-F19FE0220755.png": 1746319009.546019,
  "processed\\maps\\albedos\\anger.png": 1746319012.258443,
  "processed\\maps\\albedos\\annoyed.png": 1746319014.9870765,
  "processed\\maps\\albedos\\annoyed2.png": 1746319017.6973443,
  "processed\\maps\\albedos\\anxious.png": 1746319020.378373,
  "processed\\maps\\albedos\\childanger2.png": 1746319023.1224034,
  "processed\\maps\\albedos\\confident.png": 1746319025.8805997,
  "processed\\maps\\albedos\\crying.png": 1746319028.5922024,
  "processed\\maps\\albedos\\crying2.png": 1746319031.284761,
  "processed\\maps\\albedos\\depressed.png": 1746319034.0962262,
  "processed\\maps\\albedos\\FullSizeRender.png": 1746319036.9363022,
  "processed\\maps\\albedos\\IMG_0048.png": 1746319039.7401545,
  "processed\\maps\\albedos\\IMG_0279.png": 1746319042.6187758,
  "processed\\maps\\albedos\\IMG_3575.png": 1746319045.5383592,
  "processed\\maps\\albedos\\IMG_3688.png": 1746319048.3876147,
  "processed\\maps\\albedos\\IMG_3704.png": 1746319051.5269487,
  "processed\\maps\\albedos\\IMG_3705.png": 1746319054.6631348,
  "processed\\maps\\albedos\\IMG_3792.png": 1746319057.5696251,
  "processed\\maps\\albedos\\IMG_3793.png": 1746319060.480133,
  "processed\\maps\\albedos\\IMG_6883.png": 1746319063.5328481,
  "processed\\maps\\albedos\\IMG_7413.png": 1746319066.699081,
  "processed\\maps\\albedos\\IMG_7913.png": 1746319069.8914175,
  "processed\\maps\\albedos\\injured.png": 1746319072.7597265,
  "processed\\maps\\albedos\\nervous.png": 1746319075.5810905,
  "processed\\maps\\albedos\\sad.png": 1746319078.3831518,
  "processed\\maps\\albedos\\sympathetic.png": 1746319081.1154904,
  "processed\\maps\\albedos\\tearsofjoy2.png": 1746319083.8962207,
  "processed\\maps\\albedos\\tearsofjoy3.png": 1746319086.7322564,