{
  "blacklist.txt": 1746420226.3378086,
  ".DS_Store": 1746420675.6058815,
  "metadata.json": 1746420226.363344,
  ".last_synced_manifest.json": 1746457189.94344,
  "processed/.DS_Store": 1746420348.1989326,
  "source/images/depressed.png": 1746420213.59867,
  "source/images/IMG_6883.jpeg": 1746420213.537343,
  "source/images/sympathetic.png": 1746420213.6223679,
  "source/images/IMG_3793.jpeg": 1746420213.535868,
  "source/images/IMG_0279.jpeg": 1746420213.52986,
  "source/images/IMG_7913.jpeg": 1746420213.5395768,
  "source/images/crying.png": 1746420213.589426,
  "source/images/IMG_3792.jpeg": 1746420213.5342755,
  "source/images/sad.png": 1746420213.615177,
  "source/images/confident.png": 1746420213.5818384,
  "source/images/IMG_0048.jpeg": 1746420213.5286329,
  "source/images/annoyed.png": 1746420213.554964,
  "source/images/crying2.png": 1746420213.593884,
  "source/images/anxious.png": 1746420213.5687253,
  "source/images/nervous.png": 1746420213.609714,
  "source/images/anger.png": 1746420213.5477967,
  "source/images/IMG_3575.jpeg": 1746420213.5305789,
  "source/images/68745309918__E5BA6014-0DE2-418E-AAB1-F19FE0220755.jpeg": 1746420213.5254364,
  "source/images/01HDCVE68WMY094CSQ6Q7F80NT-low-res-branded.jpeg": 1746420213.5215282,
  "source/images/FullSizeRender.jpeg": 1746420213.5279279,
  "source/images/IMG_3688.jpeg": 1746420213.5318422,
  "source/images/tearsofjoy3.png": 1746420213.630352,
  "source/images/tearsofjoy2.png": 1746420213.6260762,
  "source/images/IMG_7413.jpeg": 1746420213.538747,
  "source/images/worried.png": 1746420213.636468,
  "source/images/annoyed2.png": 1746420213.5624604,
  "source/images/IMG_3705.jpeg": 1746420213.5333967,
  "source/images/IMG_3704.jpeg": 1746420213.5326571,
  "source/images/injured.png": 1746420213.604955,
  "source/images/01HGEDWSV1Q3M9A2KQ7391PC5J-low-res-branded.jpeg": 1746420213.522191,
  "source/images/childanger2.png": 1746420213.5767672,
  "processed/maps/.DS_Store": 1746420348.1977608,
  "processed/renders/IMG_6883.png": 1746420226.8038952,
  "processed/renders/depressed.png": 1746420226.8180606,
  "processed/renders/68745309918__E5BA6014-0DE2-418E-AAB1-F19FE0220755.png": 1746420226.7905977,
  "processed/renders/sympathetic.png": 1746420226.8220885,
  "processed/renders/crying.png": 1746420226.8157418,
  "processed/renders/sad.png": 1746420226.8213637,
  "processed/renders/confident.png": 1746420226.8143663,
  "processed/renders/IMG_0048.png": 1746420226.7931645,
  "processed/renders/annoyed.png": 1746420226.80941,
  "processed/renders/crying2.png": 1746420226.816902,
  "processed/renders/anxious.png": 1746420226.8117144,
  "processed/renders/nervous.png": 1746420226.8203716,
  "processed/renders/IMG_3792.png": 1746420226.8012407,
  "processed/renders/IMG_7913.png": 1746420226.8060186,
  "processed/renders/IMG_3793.png": 1746420226.8024535,
  "processed/renders/01HDCVE68WMY094CSQ6Q7F80NT-low-res-branded.png": 1746420226.7880888,
  "processed/renders/anger.png": 1746420226.8072653,
  "processed/renders/IMG_3575.png": 1746420226.7958627,
  "processed/renders/01HGEDWSV1Q3M9A2KQ7391PC5J-low-res-branded.png": 1746420226.789541,
  "processed/renders/FullSizeRender.png": 1746420226.7922242,
  "processed/renders/IMG_0279.png": 1746420226.7946866,
  "processed/renders/tearsofjoy3.png": 1746420226.8239684,
  "processed/renders/tearsofjoy2.png": 1746420226.8228028,
  "processed/renders/worried.png": 1746420226.824911,
  "processed/renders/IMG_3688.png": 1746420226.796985,
  "processed/renders/IMG_7413.png": 1746420226.8048584,
  "processed/renders/annoyed2.png": 1746420226.8105428,
  "processed/renders/IMG_3704.png": 1746420226.7982256,
  "processed/renders/injured.png": 1746420226.819261,
  "processed/renders/IMG_3705.png": 1746420226.7999458,
  "processed/renders/childanger2.png": 1746420226.8132482,
  "processed/meshes/nervous.obj": 1746420226.7563775,
  "processed/meshes/anxious.obj": 1746420226.7209685,
  "processed/meshes/crying2.obj": 1746420226.7443702,
  "processed/meshes/annoyed.obj": 1746420226.7026124,
  "processed/meshes/IMG_7913.obj": 1746420226.6953585,
  "processed/meshes/01HDCVE68WMY094CSQ6Q7F80NT-low-res-branded.obj": 1746420226.585624,
  "processed/meshes/IMG_3793.obj": 1746420226.6783855,
  "processed/meshes/IMG_3792.obj": 1746420226.6723478,
  "processed/meshes/IMG_0048.obj": 1746420226.6231022,
  "processed/meshes/crying.obj": 1746420226.7349486,
  "processed/meshes/confident.obj": 1746420226.7307625,
  "processed/meshes/sad.obj": 1746420226.7616615,
  "processed/meshes/depressed.obj": 1746420226.7492723,
  "processed/meshes/IMG_6883.obj": 1746420226.6818874,
  "processed/meshes/68745309918__E5BA6014-0DE2-418E-AAB1-F19FE0220755.obj": 1746420226.607106,
  "processed/meshes/sympathetic.obj": 1746420226.7667198,
  "processed/meshes/IMG_3705.obj": 1746420226.664448,
  "processed/meshes/injured.obj": 1746420226.754155,
  "processed/meshes/IMG_3704.obj": 1746420226.6553597,
  "processed/meshes/childanger2.obj": 1746420226.7270432,
  "processed/meshes/IMG_3688.obj": 1746420226.6419628,
  "processed/meshes/worried.obj": 1746420226.786221,
  "processed/meshes/annoyed2.obj": 1746420226.7091725,
  "processed/meshes/IMG_7413.obj": 1746420226.6882758,
  "processed/meshes/FullSizeRender.obj": 1746420226.6123312,
  "processed/meshes/01HGEDWSV1Q3M9A2KQ7391PC5J-low-res-branded.obj": 1746420226.589232,
  "processed/meshes/tearsofjoy2.obj": 1746420226.7740006,
  "processed/meshes/tearsofjoy3.obj": 1746420226.7826014,
  "processed/meshes/IMG_0279.obj": 1746420226.6316855,
  "processed/meshes/IMG_3575.obj": 1746420226.6380155,
  "processed/meshes/anger.obj": 1746420226.6981494,
  "processed/faces/IMG_6883.png": 1746420226.402264,
  "processed/faces/depressed.png": 1746420226.4317527,
  "processed/faces/68745309918__E5BA6014-0DE2-418E-AAB1-F19FE0220755.png": 1746420226.3772407,
  "processed/faces/sympathetic.png": 1746420226.4427361,
  "processed/faces/crying.png": 1746420226.4270167,
  "processed/faces/sad.png": 1746420226.4396265,
  "processed/faces/confident.png": 1746420226.4246788,
  "processed/faces/IMG_0048.png": 1746420226.3812447,
  "processed/faces/annoyed.png": 1746420226.4125166,
  "processed/faces/crying2.png": 1746420226.4292364,
  "processed/faces/anxious.png": 1746420226.4184623,
  "processed/faces/nervous.png": 1746420226.4369586,
  "processed/faces/IMG_3792.png": 1746420226.3958097,
  "processed/faces/IMG_7913.png": 1746420226.4067283,
  "processed/faces/IMG_3793.png": 1746420226.3991282,
  "processed/faces/01HDCVE68WMY094CSQ6Q7F80NT-low-res-branded.png": 1746420226.3663552,
  "processed/faces/anger.png": 1746420226.4096248,
  "processed/faces/IMG_3575.png": 1746420226.3853114,
  "processed/faces/01HGEDWSV1Q3M9A2KQ7391PC5J-low-res-branded.png": 1746420226.3743956,
  "processed/faces/FullSizeRender.png": 1746420226.3793964,
  "processed/faces/IMG_0279.png": 1746420226.3838022,
  "processed/faces/tearsofjoy3.png": 1746420226.4486017,
  "processed/faces/tearsofjoy2.png": 1746420226.4459534,
  "processed/faces/worried.png": 1746420226.4521348,
  "processed/faces/IMG_3688.png": 1746420226.3871133,
  "processed/faces/IMG_7413.png": 1746420226.4048374,
  "processed/faces/annoyed2.png": 1746420226.4154322,
  "processed/faces/IMG_3704.png": 1746420226.3904788,
  "processed/faces/injured.png": 1746420226.4341936,
  "processed/faces/IMG_3705.png": 1746420226.3930657,
  "processed/faces/childanger2.png": 1746420226.4214897,
  "processed/maps/lighting/IMG_6883.png": 1746420226.5243375,
  "processed/maps/lighting/depressed.png": 1746420226.534517,
  "processed/maps/lighting/68745309918__E5BA6014-0DE2-418E-AAB1-F19FE0220755.png": 1746420226.5141034,
  "processed/maps/lighting/sympathetic.png": 1746420226.538499,
  "processed/maps/lighting/crying.png": 1746420226.5321903,
  "processed/maps/lighting/sad.png": 1746420226.5373461,
  "processed/maps/lighting/confident.png": 1746420226.5311658,
  "processed/maps/lighting/IMG_0048.png": 1746420226.5162702,